Number,Player,Matchweek,Matchday,Injured,injury_proba,pred_injured
3,Radu Dragusin,1,2024-08-17,0,0.08965316127546946,0
4,Kevin Danso,1,2024-08-17,0,0.23554388811179475,0
6,Jo√£o Palhinha,1,2024-08-17,0,0.018728502499897944,0
7,Xavi Simons,1,2024-08-17,0,0.07722841392707865,0
8,Yves Bissouma,1,2024-08-17,0,0.08965316127546946,0
9,Richarlison,1,2024-08-17,0,0.3574444956061679,0
10,James Maddison,1,2024-08-17,0,0.08965316127546946,0
11,,1,2024-08-17,0,0.02436389554543129,0
13,Destiny Udogie,1,2024-08-17,0,0.1781246575108693,0
14,,1,2024-08-17,0,0.08965316127546946,0
15,Lucas Bergvall,1,2024-08-17,0,0.02805781125979787,0
17,Cristian Romero,1,2024-08-17,0,0.23554388811179475,0
19,Dominic Solanke,1,2024-08-17,0,0.08965316127546946,0
20,,1,2024-08-17,0,0.02193501280156077,0
21,Dejan Kulusevski,1,2024-08-17,0,0.08965316127546946,0
22,Brennan Johnson,1,2024-08-17,0,0.2956824377292466,0
23,,1,2024-08-17,0,0.08965316127546946,0
24,Djed Spence,1,2024-08-17,0,0.21115082460626036,0
28,Wilson Odobert,1,2024-08-17,0,0.06753479818095244,0
29,Pape Matar Sarr,1,2024-08-17,0,0.0368427064982501,0
30,Rodrigo Bentancur,1,2024-08-17,0,0.05157716892604716,0
37,Micky van de Ven,1,2024-08-17,0,0.19966810365097218,0
3,Radu Dragusin,2,2024-08-24,0,0.08965316127546946,0
4,Kevin Danso,2,2024-08-24,0,0.015727423747993192,0
6,Jo√£o Palhinha,2,2024-08-24,0,0.018728502499897944,0
7,Xavi Simons,2,2024-08-24,0,0.018702305263393487,0
8,Yves Bissouma,2,2024-08-24,0,0.02346772215219828,0
9,Richarlison,2,2024-08-24,0,0.04733509255368013,0
10,James Maddison,2,2024-08-24,0,0.005291312094443989,0
11,,2,2024-08-24,0,0.02436389554543129,0
13,Destiny Udogie,2,2024-08-24,0,0.011310506130513497,0
14,,2,2024-08-24,0,0.008522790915597527,0
15,Lucas Bergvall,2,2024-08-24,0,0.0025718171524563285,0
17,Cristian Romero,2,2024-08-24,0,0.014950889771921112,0
19,Dominic Solanke,2,2024-08-24,1,0.9654847960290506,1
20,,2,2024-08-24,0,0.005727759827183517,0
21,Dejan Kulusevski,2,2024-08-24,0,0.007125627350586895,0
22,Brennan Johnson,2,2024-08-24,0,0.02127571387952894,0
23,,2,2024-08-24,0,0.004846254625232193,0
24,Djed Spence,2,2024-08-24,0,0.023880939857119598,0
28,Wilson Odobert,2,2024-08-24,0,0.03591644726660502,0
29,Pape Matar Sarr,2,2024-08-24,0,0.0368427064982501,0
30,Rodrigo Bentancur,2,2024-08-24,1,0.9419856259489806,0
37,Micky van de Ven,2,2024-08-24,0,0.012140142366540652,0
3,Radu Dragusin,3,2024-08-31,0,0.08965316127546946,0
4,Kevin Danso,3,2024-08-31,1,0.933805745073076,0
6,Jo√£o Palhinha,3,2024-08-31,0,0.056001899041669585,0
7,Xavi Simons,3,2024-08-31,0,0.013310794085164118,0
8,Yves Bissouma,3,2024-08-31,0,0.028894837779299774,0
9,Richarlison,3,2024-08-31,1,0.9954288202380724,1
10,James Maddison,3,2024-08-31,0,0.021468106050735136,0
11,,3,2024-08-31,0,0.07202956161346678,0
13,Destiny Udogie,3,2024-08-31,0,0.044296145030362485,0
14,,3,2024-08-31,0,0.02881665401984645,0
15,Lucas Bergvall,3,2024-08-31,0,0.008667428165737467,0
17,Cristian Romero,3,2024-08-31,0,0.0609153558669085,0
19,Dominic Solanke,3,2024-08-31,1,0.9886294678196305,1
20,,3,2024-08-31,0,0.004401001756518514,0
21,Dejan Kulusevski,3,2024-08-31,0,0.027770721921138723,0
22,Brennan Johnson,3,2024-08-31,0,0.08500695489914102,0
23,,3,2024-08-31,0,0.02038838668588511,0
24,Djed Spence,3,2024-08-31,0,0.0778722859498977,0
28,Wilson Odobert,3,2024-08-31,0,0.06399693843890623,0
29,Pape Matar Sarr,3,2024-08-31,0,0.0368427064982501,0
30,Rodrigo Bentancur,3,2024-08-31,1,0.9805709049382302,1
37,Micky van de Ven,3,2024-08-31,1,0.9849646174356136,1
3,Radu Dragusin,4,2024-09-14,0,0.0036020000337393496,0
4,Kevin Danso,4,2024-09-14,1,0.9927162778511748,1
6,Jo√£o Palhinha,4,2024-09-14,0,0.003413956952943534,0
7,Xavi Simons,4,2024-09-14,0,0.0016340393572145586,0
8,Yves Bissouma,4,2024-09-14,1,0.9106064253932532,0
9,Richarlison,4,2024-09-14,1,0.9988467324986858,1
10,James Maddison,4,2024-09-14,0,0.10018458363886422,0
11,,4,2024-09-14,0,0.018518964739738013,0
13,Destiny Udogie,4,2024-09-14,0,0.01812784088089361,0
14,,4,2024-09-14,0,0.0998766488755235,0
15,Lucas Bergvall,4,2024-09-14,0,0.002795413056782091,0
17,Cristian Romero,4,2024-09-14,0,0.018313609270129996,0
19,Dominic Solanke,4,2024-09-14,0,0.7054644604756279,0
20,,4,2024-09-14,0,0.005072623408698029,0
21,Dejan Kulusevski,4,2024-09-14,0,0.0063789509111242485,0
22,Brennan Johnson,4,2024-09-14,0,0.03610612510762048,0
23,,4,2024-09-14,0,0.10347758732771599,0
24,Djed Spence,4,2024-09-14,0,0.24000579907491099,0
28,Wilson Odobert,4,2024-09-14,0,0.30803652015251237,0
29,Pape Matar Sarr,4,2024-09-14,0,0.0025492978019354207,0
30,Rodrigo Bentancur,4,2024-09-14,0,0.5533914609794104,0
37,Micky van de Ven,4,2024-09-14,0,0.9339453122795676,0
3,Radu Dragusin,5,2024-09-21,0,0.007890733237103365,0
4,Kevin Danso,5,2024-09-21,1,0.9948333648452178,1
6,Jo√£o Palhinha,5,2024-09-21,0,0.0033237258034063836,0
7,Xavi Simons,5,2024-09-21,0,0.005178931949243087,0
8,Yves Bissouma,5,2024-09-21,0,0.36161393794069474,0
9,Richarlison,5,2024-09-21,1,0.9988511468477405,1
10,James Maddison,5,2024-09-21,0,0.0022236412580584303,0
11,,5,2024-09-21,0,0.023379894263442638,0
13,Destiny Udogie,5,2024-09-21,0,0.0033208703385840858,0
14,,5,2024-09-21,0,0.007894368992291394,0
15,Lucas Bergvall,5,2024-09-21,0,0.0021662528703750347,0
17,Cristian Romero,5,2024-09-21,0,0.011773907563718577,0
19,Dominic Solanke,5,2024-09-21,0,0.038440197043990994,0
20,,5,2024-09-21,0,0.014097012799666653,0
21,Dejan Kulusevski,5,2024-09-21,0,0.0009553140357100959,0
22,Brennan Johnson,5,2024-09-21,0,0.006792030650995986,0
23,,5,2024-09-21,0,0.007629943166579308,0
24,Djed Spence,5,2024-09-21,0,0.07902652412304978,0
28,Wilson Odobert,5,2024-09-21,1,0.9801149442384806,1
29,Pape Matar Sarr,5,2024-09-21,0,0.0004628081123179025,0
30,Rodrigo Bentancur,5,2024-09-21,0,0.020724633096323188,0
37,Micky van de Ven,5,2024-09-21,0,0.4674783737406726,0
3,Radu Dragusin,6,2024-09-28,0,0.0024847771876688584,0
4,Kevin Danso,6,2024-09-28,1,0.9974047015124977,1
6,Jo√£o Palhinha,6,2024-09-28,0,0.010259125429517521,0
7,Xavi Simons,6,2024-09-28,0,0.0011841102310721652,0
8,Yves Bissouma,6,2024-09-28,0,0.09384118395905365,0
9,Richarlison,6,2024-09-28,1,0.9985608311631488,1
10,James Maddison,6,2024-09-28,0,0.004552199789763369,0
11,,6,2024-09-28,0,0.06925711129317982,0
13,Destiny Udogie,6,2024-09-28,0,0.0017307238713233474,0
14,,6,2024-09-28,0,0.0016361223536752996,0
15,Lucas Bergvall,6,2024-09-28,0,0.0006402688600046904,0
17,Cristian Romero,6,2024-09-28,0,0.02248703765137065,0
19,Dominic Solanke,6,2024-09-28,0,0.03602909660591886,0
20,,6,2024-09-28,0,0.006179894605144929,0
21,Dejan Kulusevski,6,2024-09-28,0,0.000599475051278917,0
22,Brennan Johnson,6,2024-09-28,0,0.0032062968822440053,0
23,,6,2024-09-28,0,0.01450053606277754,0
24,Djed Spence,6,2024-09-28,0,0.067556650602657,0
28,Wilson Odobert,6,2024-09-28,1,0.988007238091314,1
29,Pape Matar Sarr,6,2024-09-28,0,0.00037016803104959615,0
30,Rodrigo Bentancur,6,2024-09-28,0,0.02295008099073356,0
37,Micky van de Ven,6,2024-09-28,0,0.2660784319230542,0
3,Radu Dragusin,7,2024-10-05,0,0.0033751716601209355,0
4,Kevin Danso,7,2024-10-05,1,0.9974047015124977,1
6,Jo√£o Palhinha,7,2024-10-05,0,0.010337390020928856,0
7,Xavi Simons,7,2024-10-05,0,0.003671360826429262,0
8,Yves Bissouma,7,2024-10-05,0,0.11133073797609641,0
9,Richarlison,7,2024-10-05,1,0.9985608311631488,1
10,James Maddison,7,2024-10-05,0,0.010206026465061963,0
11,,7,2024-10-05,0,0.028505728077305437,0
13,Destiny Udogie,7,2024-10-05,0,0.3568069368651971,0
14,,7,2024-10-05,0,0.0037046369874862584,0
15,Lucas Bergvall,7,2024-10-05,0,0.0005066987138590862,0
17,Cristian Romero,7,2024-10-05,0,0.013032663405374916,0
19,Dominic Solanke,7,2024-10-05,0,0.05541858552958665,0
20,,7,2024-10-05,0,0.0050212843879228605,0
21,Dejan Kulusevski,7,2024-10-05,0,0.0013664480670231294,0
22,Brennan Johnson,7,2024-10-05,0,0.00524278329502061,0
23,,7,2024-10-05,0,0.008123112578352515,0
24,Djed Spence,7,2024-10-05,0,0.057453071174359,0
28,Wilson Odobert,7,2024-10-05,1,0.9970580337580924,1
29,Pape Matar Sarr,7,2024-10-05,0,0.00037905992895855196,0
30,Rodrigo Bentancur,7,2024-10-05,0,0.08675288994244944,0
37,Micky van de Ven,7,2024-10-05,0,0.38700075007654133,0
3,Radu Dragusin,8,2024-10-19,0,0.004909498634098692,0
4,Kevin Danso,8,2024-10-19,0,0.7086748138081874,0
6,Jo√£o Palhinha,8,2024-10-19,0,0.0032235115430623595,0
7,Xavi Simons,8,2024-10-19,0,0.0008645694793450456,0
8,Yves Bissouma,8,2024-10-19,0,0.022186006948764884,0
9,Richarlison,8,2024-10-19,1,0.9367757638100187,0
10,James Maddison,8,2024-10-19,0,0.018272859393575994,0
11,,8,2024-10-19,0,0.08241149812020938,0
13,Destiny Udogie,8,2024-10-19,0,0.11721013336029154,0
14,,8,2024-10-19,0,0.008633391902398254,0
15,Lucas Bergvall,8,2024-10-19,0,0.020662790550692416,0
17,Cristian Romero,8,2024-10-19,0,0.013032663405374916,0
19,Dominic Solanke,8,2024-10-19,0,0.09741354743456543,0
20,,8,2024-10-19,0,0.003711296858031686,0
21,Dejan Kulusevski,8,2024-10-19,0,0.0009810780781428741,0
22,Brennan Johnson,8,2024-10-19,0,0.016022239809724878,0
23,,8,2024-10-19,0,0.0009335315397218645,0
24,Djed Spence,8,2024-10-19,0,0.18380500940546546,0
28,Wilson Odobert,8,2024-10-19,1,0.9974758131529787,1
29,Pape Matar Sarr,8,2024-10-19,0,0.0013463749913252311,0
30,Rodrigo Bentancur,8,2024-10-19,0,0.17608100365641666,0
37,Micky van de Ven,8,2024-10-19,0,0.05692372187034699,0
3,Radu Dragusin,9,2024-10-27,0,0.011027521923921134,0
4,Kevin Danso,9,2024-10-27,0,0.34022510106439274,0
6,Jo√£o Palhinha,9,2024-10-27,0,0.0007136630794909908,0
7,Xavi Simons,9,2024-10-27,1,0.8285123574162269,0
8,Yves Bissouma,9,2024-10-27,0,0.04669047723644037,0
9,Richarlison,9,2024-10-27,0,0.28896855261786103,0
10,James Maddison,9,2024-10-27,0,0.0008719348949712231,0
11,,9,2024-10-27,0,0.025867598027299963,0
13,Destiny Udogie,9,2024-10-27,0,0.04415998884233187,0
14,,9,2024-10-27,0,0.005068017147100948,0
15,Lucas Bergvall,9,2024-10-27,0,0.0051941675614197045,0
17,Cristian Romero,9,2024-10-27,0,0.0042465945281705865,0
19,Dominic Solanke,9,2024-10-27,0,0.01904341813405664,0
20,,9,2024-10-27,0,0.0476404879016138,0
21,Dejan Kulusevski,9,2024-10-27,0,0.00047879809856806837,0
22,Brennan Johnson,9,2024-10-27,0,0.0029209818841985195,0
23,,9,2024-10-27,0,0.0009639152087546833,0
24,Djed Spence,9,2024-10-27,1,0.9964524514599493,1
28,Wilson Odobert,9,2024-10-27,1,0.7774457327164641,0
29,Pape Matar Sarr,9,2024-10-27,0,0.0004518779772576957,0
30,Rodrigo Bentancur,9,2024-10-27,0,0.013162848076797757,0
37,Micky van de Ven,9,2024-10-27,0,0.07739823681314623,0
3,Radu Dragusin,10,2024-11-03,0,0.000600523895088255,0
4,Kevin Danso,10,2024-11-03,0,0.2553040261495469,0
6,Jo√£o Palhinha,10,2024-11-03,0,0.0004122668465104816,0
7,Xavi Simons,10,2024-11-03,1,0.9893801119946724,1
8,Yves Bissouma,10,2024-11-03,0,0.052544391282430755,0
9,Richarlison,10,2024-11-03,1,0.11579420741064082,0
10,James Maddison,10,2024-11-03,0,0.0021543786225078944,0
11,,10,2024-11-03,0,0.007273639650466255,0
13,Destiny Udogie,10,2024-11-03,0,0.02974585609378741,0
14,,10,2024-11-03,0,0.0016300277294172836,0
15,Lucas Bergvall,10,2024-11-03,0,0.0069950429839872215,0
17,Cristian Romero,10,2024-11-03,1,0.9001969634519684,0
19,Dominic Solanke,10,2024-11-03,0,0.0133744124644152,0
20,,10,2024-11-03,0,0.19607109491113775,0
21,Dejan Kulusevski,10,2024-11-03,0,0.000386397397394537,0
22,Brennan Johnson,10,2024-11-03,0,0.0026496824461000206,0
23,,10,2024-11-03,0,0.004702035355306688,0
24,Djed Spence,10,2024-11-03,1,0.9970136720914927,1
28,Wilson Odobert,10,2024-11-03,1,0.7664125194756518,0
29,Pape Matar Sarr,10,2024-11-03,0,0.00022908302033457288,0
30,Rodrigo Bentancur,10,2024-11-03,0,0.003869975833528516,0
37,Micky van de Ven,10,2024-11-03,1,0.2918424122686909,0
3,Radu Dragusin,11,2024-11-10,0,0.0003702373508235672,0
4,Kevin Danso,11,2024-11-10,0,0.1856162004451618,0
6,Jo√£o Palhinha,11,2024-11-10,0,0.00028302458398385654,0
7,Xavi Simons,11,2024-11-10,1,0.9920160742218523,1
8,Yves Bissouma,11,2024-11-10,0,0.08677246327221223,0
9,Richarlison,11,2024-11-10,1,0.8431258412907804,0
10,James Maddison,11,2024-11-10,0,0.0047528899291080775,0
11,,11,2024-11-10,0,0.07075688674674248,0
13,Destiny Udogie,11,2024-11-10,0,0.45212690246410564,0
14,,11,2024-11-10,0,0.003675761930962028,0
15,Lucas Bergvall,11,2024-11-10,0,0.005458551473890142,0
17,Cristian Romero,11,2024-11-10,0,0.6718909365207505,0
19,Dominic Solanke,11,2024-11-10,0,0.10671763760392564,0
20,,11,2024-11-10,0,0.13418458799611785,0
21,Dejan Kulusevski,11,2024-11-10,0,0.002321669533727303,0
22,Brennan Johnson,11,2024-11-10,0,0.02165183574390509,0
23,,11,2024-11-10,0,0.003877544119747685,0
24,Djed Spence,11,2024-11-10,0,0.9042828418201786,0
28,Wilson Odobert,11,2024-11-10,1,0.9054710355980197,0
29,Pape Matar Sarr,11,2024-11-10,0,0.0008740488084876489,0
30,Rodrigo Bentancur,11,2024-11-10,0,0.010700008579541388,0
37,Micky van de Ven,11,2024-11-10,1,0.930153935018059,0
3,Radu Dragusin,12,2024-11-23,0,0.0009210660513769761,0
4,Kevin Danso,12,2024-11-23,0,0.1255704058090118,0
6,Jo√£o Palhinha,12,2024-11-23,1,0.9585379163483303,1
7,Xavi Simons,12,2024-11-23,1,0.9978064630128007,1
8,Yves Bissouma,12,2024-11-23,0,0.04915234097529159,0
9,Richarlison,12,2024-11-23,1,0.9464659039079609,0
10,James Maddison,12,2024-11-23,0,0.015818933895114767,0
11,,12,2024-11-23,0,0.07075688674674248,0
13,Destiny Udogie,12,2024-11-23,0,0.18278213952200623,0
14,,12,2024-11-23,0,0.03661721648590304,0
15,Lucas Bergvall,12,2024-11-23,0,0.001601600912039343,0
17,Cristian Romero,12,2024-11-23,1,0.8907901710985168,0
19,Dominic Solanke,12,2024-11-23,0,0.24718194732448504,0
20,,12,2024-11-23,0,0.005199032801725026,0
21,Dejan Kulusevski,12,2024-11-23,0,0.002464387089695813,0
22,Brennan Johnson,12,2024-11-23,0,0.01715462573250977,0
23,,12,2024-11-23,0,0.01455801241700532,0
24,Djed Spence,12,2024-11-23,0,0.1636696718589178,0
28,Wilson Odobert,12,2024-11-23,1,0.8950264823553007,0
29,Pape Matar Sarr,12,2024-11-23,0,0.0013247498016516375,0
30,Rodrigo Bentancur,12,2024-11-23,0,0.03157917992938993,0
37,Micky van de Ven,12,2024-11-23,1,0.9103391532723051,0
3,Radu Dragusin,13,2024-12-01,0,0.0030006789061593126,0
4,Kevin Danso,13,2024-12-01,0,0.11791355556938747,0
6,Jo√£o Palhinha,13,2024-12-01,1,0.9762595384093772,1
7,Xavi Simons,13,2024-12-01,1,0.9978064630128007,1
8,Yves Bissouma,13,2024-12-01,0,0.021445558081839636,0
9,Richarlison,13,2024-12-01,1,0.9455531911016742,0
10,James Maddison,13,2024-12-01,0,0.0017200401740952351,0
11,,13,2024-12-01,0,0.024455327328248577,0
13,Destiny Udogie,13,2024-12-01,0,0.5250276846290706,0
14,,13,2024-12-01,0,0.005109624714765194,0
15,Lucas Bergvall,13,2024-12-01,0,0.0005972635726030889,0
17,Cristian Romero,13,2024-12-01,1,0.9687993636600407,1
19,Dominic Solanke,13,2024-12-01,1,0.3467697733275356,0
20,,13,2024-12-01,0,0.048065024894001065,0
21,Dejan Kulusevski,13,2024-12-01,0,0.004217861516322102,0
22,Brennan Johnson,13,2024-12-01,0,0.014848509716662845,0
23,,13,2024-12-01,0,0.003877544119747685,0
24,Djed Spence,13,2024-12-01,0,0.7156063795771161,0
28,Wilson Odobert,13,2024-12-01,1,0.8892428547888664,0
29,Pape Matar Sarr,13,2024-12-01,0,0.001713399835393602,0
30,Rodrigo Bentancur,13,2024-12-01,0,0.2404397781871214,0
37,Micky van de Ven,13,2024-12-01,1,0.8100125707083853,0
3,Radu Dragusin,14,2024-12-03,0,0.0031850032415435456,0
4,Kevin Danso,14,2024-12-03,0,0.15647466406842223,0
6,Jo√£o Palhinha,14,2024-12-03,1,0.9816143927528481,1
7,Xavi Simons,14,2024-12-03,1,0.9978064630128007,1
8,Yves Bissouma,14,2024-12-03,0,0.045195228410537365,0
9,Richarlison,14,2024-12-03,1,0.9236087399614694,0
10,James Maddison,14,2024-12-03,0,0.005170560996098137,0
11,,14,2024-12-03,0,0.00779004492977178,0
13,Destiny Udogie,14,2024-12-03,0,0.5979332498564623,0
14,,14,2024-12-03,0,0.004888228501842971,0
15,Lucas Bergvall,14,2024-12-03,0,0.0006520859985993977,0
17,Cristian Romero,14,2024-12-03,1,0.9323501292376485,0
19,Dominic Solanke,14,2024-12-03,0,0.6408009824505966,0
20,,14,2024-12-03,0,0.006792338669563774,0
21,Dejan Kulusevski,14,2024-12-03,0,0.0036725979459500857,0
22,Brennan Johnson,14,2024-12-03,0,0.008392571218093356,0
23,,14,2024-12-03,0,0.00411550978790718,0
24,Djed Spence,14,2024-12-03,0,0.7140498019595226,0
28,Wilson Odobert,14,2024-12-03,1,0.8874667353392897,0
29,Pape Matar Sarr,14,2024-12-03,0,0.0017685338173513854,0
30,Rodrigo Bentancur,14,2024-12-03,0,0.13052436747595272,0
37,Micky van de Ven,14,2024-12-03,1,0.807241315125481,0
3,Radu Dragusin,15,2024-12-08,0,0.0007817169592120899,0
4,Kevin Danso,15,2024-12-08,0,0.11154883027145052,0
6,Jo√£o Palhinha,15,2024-12-08,1,0.9869158233715842,1
7,Xavi Simons,15,2024-12-08,1,0.9978064630128007,1
8,Yves Bissouma,15,2024-12-08,0,0.02711504695507286,0
9,Richarlison,15,2024-12-08,1,0.9274037213572563,0
10,James Maddison,15,2024-12-08,0,0.0031773567564898635,0
11,,15,2024-12-08,0,0.00779004492977178,0
13,Destiny Udogie,15,2024-12-08,0,0.18408812898145174,0
14,,15,2024-12-08,0,0.0004981507213754513,0
15,Lucas Bergvall,15,2024-12-08,0,0.0002470544888993794,0
17,Cristian Romero,15,2024-12-08,1,0.47505999149391037,0
19,Dominic Solanke,15,2024-12-08,0,0.10901149693448293,0
20,,15,2024-12-08,0,0.014948655091990837,0
21,Dejan Kulusevski,15,2024-12-08,0,0.0003784679971543874,0
22,Brennan Johnson,15,2024-12-08,0,0.002093005791413488,0
23,,15,2024-12-08,0,0.0012104665508179306,0
24,Djed Spence,15,2024-12-08,0,0.881261250035443,0
28,Wilson Odobert,15,2024-12-08,1,0.8829173483937506,0
29,Pape Matar Sarr,15,2024-12-08,0,0.00047753793383077767,0
30,Rodrigo Bentancur,15,2024-12-08,0,0.0656199439933929,0
37,Micky van de Ven,15,2024-12-08,1,0.435408289065897,0
3,Radu Dragusin,16,2024-12-15,0,0.00021070706933584298,0
4,Kevin Danso,16,2024-12-15,0,0.14280988118753485,0
6,Jo√£o Palhinha,16,2024-12-15,1,0.9873546060113524,1
7,Xavi Simons,16,2024-12-15,1,0.9978064630128007,1
8,Yves Bissouma,16,2024-12-15,0,0.026272874496775338,0
9,Richarlison,16,2024-12-15,1,0.9230690910480464,0
10,James Maddison,16,2024-12-15,0,0.0005518528806475856,0
11,,16,2024-12-15,0,0.006364852093343536,0
13,Destiny Udogie,16,2024-12-15,0,0.026085561390508077,0
14,,16,2024-12-15,0,0.00025869310811142655,0
15,Lucas Bergvall,16,2024-12-15,0,0.00015938534768939207,0
17,Cristian Romero,16,2024-12-15,1,0.8062483017763468,0
19,Dominic Solanke,16,2024-12-15,0,0.013300048709059426,0
20,,16,2024-12-15,0,0.02372942126172089,0
21,Dejan Kulusevski,16,2024-12-15,0,0.00012193668543439058,0
22,Brennan Johnson,16,2024-12-15,0,0.0015559542503100377,0
23,,16,2024-12-15,0,0.00037736023619685757,0
24,Djed Spence,16,2024-12-15,0,0.39580401057017983,0
28,Wilson Odobert,16,2024-12-15,1,0.8762808443531784,0
29,Pape Matar Sarr,16,2024-12-15,0,0.00015728232167025374,0
30,Rodrigo Bentancur,16,2024-12-15,0,0.06720892767584781,0
37,Micky van de Ven,16,2024-12-15,1,0.8466733277449605,0
3,Radu Dragusin,17,2024-12-21,0,0.0007783648883000486,0
4,Kevin Danso,17,2024-12-21,0,0.3291998456777406,0
6,Jo√£o Palhinha,17,2024-12-21,1,0.9873546060113524,1
7,Xavi Simons,17,2024-12-21,1,0.9978064630128007,1
8,Yves Bissouma,17,2024-12-21,0,0.060100209966905536,0
9,Richarlison,17,2024-12-21,1,0.9191661824472548,0
10,James Maddison,17,2024-12-21,0,0.0006290739814292323,0
11,,17,2024-12-21,0,0.006150000271932408,0
13,Destiny Udogie,17,2024-12-21,0,0.18156634943201835,0
14,,17,2024-12-21,0,0.0008350265831024748,0
15,Lucas Bergvall,17,2024-12-21,0,0.0007510826240309614,0
17,Cristian Romero,17,2024-12-21,1,0.9340089006793608,0
19,Dominic Solanke,17,2024-12-21,0,0.09230932589643961,0
20,,17,2024-12-21,0,0.007659516799613733,0
21,Dejan Kulusevski,17,2024-12-21,0,0.0012187397927652653,0
22,Brennan Johnson,17,2024-12-21,0,0.005995828567188571,0
23,,17,2024-12-21,0,0.001148472982955078,0
24,Djed Spence,17,2024-12-21,0,0.30973146166465554,0
28,Wilson Odobert,17,2024-12-21,1,0.870337673575859,0
29,Pape Matar Sarr,17,2024-12-21,0,0.0005531267074323622,0
30,Rodrigo Bentancur,17,2024-12-21,0,0.11993999404930888,0
37,Micky van de Ven,17,2024-12-21,1,0.9731513652966943,1
3,Radu Dragusin,18,2024-12-26,0,0.0014093444824859144,0
4,Kevin Danso,18,2024-12-26,0,0.29488810479046523,0
6,Jo√£o Palhinha,18,2024-12-26,1,0.9873546060113524,1
7,Xavi Simons,18,2024-12-26,1,0.9978064630128007,1
8,Yves Bissouma,18,2024-12-26,0,0.019003373715445443,0
9,Richarlison,18,2024-12-26,1,0.9157766906789319,0
10,James Maddison,18,2024-12-26,0,0.00139880310333695,0
11,,18,2024-12-26,0,0.01887113880140368,0
13,Destiny Udogie,18,2024-12-26,0,0.38591026880856416,0
14,,18,2024-12-26,0,0.0010543204733246847,0
15,Lucas Bergvall,18,2024-12-26,0,0.0015083008419364316,0
17,Cristian Romero,18,2024-12-26,1,0.9311951993222147,0
19,Dominic Solanke,18,2024-12-26,0,0.13657634993117668,0
20,,18,2024-12-26,0,0.0008167407596917646,0
21,Dejan Kulusevski,18,2024-12-26,0,0.002172373875739044,0
22,Brennan Johnson,18,2024-12-26,0,0.006605856925870762,0
23,,18,2024-12-26,0,0.002109040183806126,0
24,Djed Spence,18,2024-12-26,0,0.132052031878492,0
28,Wilson Odobert,18,2024-12-26,1,0.8652009910331679,0
29,Pape Matar Sarr,18,2024-12-26,0,0.004878949323313996,0
30,Rodrigo Bentancur,18,2024-12-26,0,0.05765512732516285,0
37,Micky van de Ven,18,2024-12-26,1,0.9719564945172984,1
3,Radu Dragusin,19,2024-12-29,0,0.0002017836856074224,0
4,Kevin Danso,19,2024-12-29,0,0.2893335651218112,0
6,Jo√£o Palhinha,19,2024-12-29,1,0.9873546060113524,1
7,Xavi Simons,19,2024-12-29,1,0.9978064630128007,1
8,Yves Bissouma,19,2024-12-29,0,0.0017561370304343704,0
9,Richarlison,19,2024-12-29,1,0.9136815250625604,0
10,James Maddison,19,2024-12-29,0,0.00038473717496736906,0
11,,19,2024-12-29,0,0.01887113880140368,0
13,Destiny Udogie,19,2024-12-29,1,0.07816051721619625,0
14,,19,2024-12-29,0,0.0003562488828794097,0
15,Lucas Bergvall,19,2024-12-29,0,0.0014654666665860922,0
17,Cristian Romero,19,2024-12-29,1,0.9162908210532557,0
19,Dominic Solanke,19,2024-12-29,0,0.01817694754047002,0
20,,19,2024-12-29,0,0.00195895710666702,0
21,Dejan Kulusevski,19,2024-12-29,0,0.00030672159829344883,0
22,Brennan Johnson,19,2024-12-29,0,0.001346015678827769,0
23,,19,2024-12-29,0,0.0002003732301640039,0
24,Djed Spence,19,2024-12-29,0,0.1616838501851319,0
28,Wilson Odobert,19,2024-12-29,1,0.8620372280957126,0
29,Pape Matar Sarr,19,2024-12-29,0,0.0019298651644634062,0
30,Rodrigo Bentancur,19,2024-12-29,0,0.0334595811733687,0
37,Micky van de Ven,19,2024-12-29,1,0.9231573183892672,0
3,Radu Dragusin,20,2025-01-04,0,0.0006849974541273503,0
4,Kevin Danso,20,2025-01-04,0,0.62884546218727,0
6,Jo√£o Palhinha,20,2025-01-04,1,0.9873546060113524,1
7,Xavi Simons,20,2025-01-04,0,0.9273120513815276,0
8,Yves Bissouma,20,2025-01-04,0,0.007818719855358857,0
9,Richarlison,20,2025-01-04,1,0.9093491315710556,0
10,James Maddison,20,2025-01-04,0,0.0007392783025381203,0
11,,20,2025-01-04,0,0.07202956161346678,0
13,Destiny Udogie,20,2025-01-04,1,0.18149104018762718,0
14,,20,2025-01-04,0,0.0007650057598841127,0
15,Lucas Bergvall,20,2025-01-04,0,0.0011435101763202734,0
17,Cristian Romero,20,2025-01-04,1,0.9120767877354775,0
19,Dominic Solanke,20,2025-01-04,0,0.03998808738132638,0
20,,20,2025-01-04,0,0.0061343360351279325,0
21,Dejan Kulusevski,20,2025-01-04,0,0.000705787444100808,0
22,Brennan Johnson,20,2025-01-04,0,0.0066756797815454095,0
23,,20,2025-01-04,0,0.0003749130064032919,0
24,Djed Spence,20,2025-01-04,0,0.22097050652030306,0
28,Wilson Odobert,20,2025-01-04,1,0.8555226409421572,0
29,Pape Matar Sarr,20,2025-01-04,0,0.0012537805375524016,0
30,Rodrigo Bentancur,20,2025-01-04,0,0.07994157026893965,0
37,Micky van de Ven,20,2025-01-04,1,0.9192584942755282,0
3,Radu Dragusin,21,2025-01-14,0,0.002921451656151721,0
4,Kevin Danso,21,2025-01-14,0,0.13819033200344463,0
6,Jo√£o Palhinha,21,2025-01-14,1,0.9873546060113524,1
7,Xavi Simons,21,2025-01-14,0,0.7458849260275638,0
8,Yves Bissouma,21,2025-01-14,0,0.016790500271024918,0
9,Richarlison,21,2025-01-14,1,0.9016924087956988,0
10,James Maddison,21,2025-01-14,0,0.005171514718907658,0
11,,21,2025-01-14,0,0.0868726359989329,0
13,Destiny Udogie,21,2025-01-14,1,0.9013490512142046,0
14,,21,2025-01-14,0,0.0026000974482261337,0
15,Lucas Bergvall,21,2025-01-14,0,0.00040386360825735883,0
17,Cristian Romero,21,2025-01-14,1,0.9091641219555281,0
19,Dominic Solanke,21,2025-01-14,0,0.15284575130223282,0
20,,21,2025-01-14,0,0.004508154135256066,0
21,Dejan Kulusevski,21,2025-01-14,0,0.0036693957131388446,0
22,Brennan Johnson,21,2025-01-14,0,0.018589891012822178,0
23,,21,2025-01-14,0,0.0013613558556187662,0
24,Djed Spence,21,2025-01-14,0,0.08164314665700274,0
28,Wilson Odobert,21,2025-01-14,1,0.8440989694655016,0
29,Pape Matar Sarr,21,2025-01-14,0,0.0011670455233603438,0
30,Rodrigo Bentancur,21,2025-01-14,1,0.426170075307107,0
37,Micky van de Ven,21,2025-01-14,1,0.9335317454707351,0
3,Radu Dragusin,22,2025-01-18,0,0.0014876638278739226,0
4,Kevin Danso,22,2025-01-18,0,0.32472200978297927,0
6,Jo√£o Palhinha,22,2025-01-18,1,0.9873546060113524,1
7,Xavi Simons,22,2025-01-18,0,0.13916103075884106,0
8,Yves Bissouma,22,2025-01-18,1,0.01740122951286585,0
9,Richarlison,22,2025-01-18,0,0.9273633496761563,0
10,James Maddison,22,2025-01-18,0,0.005486621875381779,0
11,,22,2025-01-18,0,0.02510478061906659,0
13,Destiny Udogie,22,2025-01-18,1,0.7722435301894403,0
14,,22,2025-01-18,0,0.001992013336521264,0
15,Lucas Bergvall,22,2025-01-18,0,0.0005285343136841557,0
17,Cristian Romero,22,2025-01-18,1,0.9061625552280886,0
19,Dominic Solanke,22,2025-01-18,1,0.11406877993707908,0
20,,22,2025-01-18,0,0.003213983104634091,0
21,Dejan Kulusevski,22,2025-01-18,0,0.0028119401285772055,0
22,Brennan Johnson,22,2025-01-18,1,0.9476154657116146,0
23,,22,2025-01-18,0,0.011776016313370073,0
24,Djed Spence,22,2025-01-18,0,0.05932480040571862,0
28,Wilson Odobert,22,2025-01-18,1,0.8393273605828029,0
29,Pape Matar Sarr,22,2025-01-18,0,0.002592013075245859,0
30,Rodrigo Bentancur,22,2025-01-18,1,0.23732956025617158,0
37,Micky van de Ven,22,2025-01-18,1,0.9312745120954957,0
3,Radu Dragusin,23,2025-01-26,0,0.0004987217970628482,0
4,Kevin Danso,23,2025-01-26,0,0.6880482160953184,0
6,Jo√£o Palhinha,23,2025-01-26,0,0.4080532917685752,0
7,Xavi Simons,23,2025-01-26,0,0.07800069800953914,0
8,Yves Bissouma,23,2025-01-26,0,0.8073158307981614,0
9,Richarlison,23,2025-01-26,1,0.3917120713881471,0
10,James Maddison,23,2025-01-26,1,0.8190454787681616,0
11,,23,2025-01-26,0,0.07651607304387421,0
13,Destiny Udogie,23,2025-01-26,1,0.6916466296368846,0
14,,23,2025-01-26,0,0.0005729738734396563,0
15,Lucas Bergvall,23,2025-01-26,0,0.00023284949139829934,0
17,Cristian Romero,23,2025-01-26,1,0.8998916825783417,0
19,Dominic Solanke,23,2025-01-26,1,0.7543618066690353,0
20,,23,2025-01-26,0,0.009809951216238394,0
21,Dejan Kulusevski,23,2025-01-26,0,0.0008061888500161969,0
22,Brennan Johnson,23,2025-01-26,1,0.9973737183394678,1
23,,23,2025-01-26,0,0.003530527428737498,0
24,Djed Spence,23,2025-01-26,1,0.5290540067315082,0
28,Wilson Odobert,23,2025-01-26,1,0.8294308142121102,0
29,Pape Matar Sarr,23,2025-01-26,1,0.7514188911493108,0
30,Rodrigo Bentancur,23,2025-01-26,0,0.18134363394982123,0
37,Micky van de Ven,23,2025-01-26,1,0.9265457629461596,0
3,Radu Dragusin,24,2025-02-02,1,0.3835687710144519,0
4,Kevin Danso,24,2025-02-02,0,0.6744389835730584,0
6,Jo√£o Palhinha,24,2025-02-02,0,0.1550586487654916,0
7,Xavi Simons,24,2025-02-02,0,0.048435145168184215,0
8,Yves Bissouma,24,2025-02-02,0,0.17799190988784416,0
9,Richarlison,24,2025-02-02,0,0.13956231459606472,0
10,James Maddison,24,2025-02-02,1,0.9140161215582373,0
11,,24,2025-02-02,0,0.020655067170389754,0
13,Destiny Udogie,24,2025-02-02,1,0.7177408497289942,0
14,,24,2025-02-02,0,5.163867374216985e-05,0
15,Lucas Bergvall,24,2025-02-02,0,2.598799360905128e-05,0
17,Cristian Romero,24,2025-02-02,1,0.8941019209245568,0
19,Dominic Solanke,24,2025-02-02,1,0.5531391820598632,0
20,,24,2025-02-02,0,0.061861028494682196,0
21,Dejan Kulusevski,24,2025-02-02,0,8.663373875884831e-05,0
22,Brennan Johnson,24,2025-02-02,1,0.9932398045951113,1
23,,24,2025-02-02,0,0.00010297109918580607,0
24,Djed Spence,24,2025-02-02,0,0.38159395339968916,0
28,Wilson Odobert,24,2025-02-02,1,0.8203793509598376,0
29,Pape Matar Sarr,24,2025-02-02,0,0.03760798153615782,0
30,Rodrigo Bentancur,24,2025-02-02,0,0.0231160526922907,0
37,Micky van de Ven,24,2025-02-02,1,0.6969299814919208,0
3,Radu Dragusin,25,2025-02-15,1,0.9937051021297268,1
4,Kevin Danso,25,2025-02-15,0,0.16027267890740746,0
6,Jo√£o Palhinha,25,2025-02-15,1,0.6121266967205297,0
7,Xavi Simons,25,2025-02-15,0,0.10376871603834321,0
8,Yves Bissouma,25,2025-02-15,0,0.3350971454071619,0
9,Richarlison,25,2025-02-15,1,0.898756082075756,0
10,James Maddison,25,2025-02-15,0,0.6307847560198849,0
11,,25,2025-02-15,0,0.004761699879169165,0
13,Destiny Udogie,25,2025-02-15,0,0.881611464534597,0
14,,25,2025-02-15,0,0.0038503790504928223,0
15,Lucas Bergvall,25,2025-02-15,0,0.0014726768103039123,0
17,Cristian Romero,25,2025-02-15,1,0.8825641097439291,0
19,Dominic Solanke,25,2025-02-15,1,0.7920129380569283,0
20,,25,2025-02-15,0,0.05356074260009589,0
21,Dejan Kulusevski,25,2025-02-15,0,0.004616226225499504,0
22,Brennan Johnson,25,2025-02-15,0,0.9367785793526817,0
23,,25,2025-02-15,0,0.006788146081744759,0
24,Djed Spence,25,2025-02-15,0,0.37959401492410083,0
28,Wilson Odobert,25,2025-02-15,0,0.9179138000216911,0
29,Pape Matar Sarr,25,2025-02-15,0,0.09837587699097389,0
30,Rodrigo Bentancur,25,2025-02-15,0,0.2879842109215399,0
37,Micky van de Ven,25,2025-02-15,1,0.864171871619227,0
3,Radu Dragusin,26,2025-02-22,1,0.9946986398964642,1
4,Kevin Danso,26,2025-02-22,0,0.07849916912771321,0
6,Jo√£o Palhinha,26,2025-02-22,0,0.6907190575583878,0
7,Xavi Simons,26,2025-02-22,0,0.3754910571593545,0
8,Yves Bissouma,26,2025-02-22,0,0.4414077253204658,0
9,Richarlison,26,2025-02-22,1,0.9856405115060487,1
10,James Maddison,26,2025-02-22,0,0.13032710475334106,0
11,,26,2025-02-22,0,0.002303416545565482,0
13,Destiny Udogie,26,2025-02-22,0,0.11331691227381671,0
14,,26,2025-02-22,0,0.00829331925111183,0
15,Lucas Bergvall,26,2025-02-22,0,0.0016945509344445829,0
17,Cristian Romero,26,2025-02-22,1,0.8759103973949248,0
19,Dominic Solanke,26,2025-02-22,1,0.7814989324382352,0
20,,26,2025-02-22,0,0.009254526280976555,0
21,Dejan Kulusevski,26,2025-02-22,0,0.007410348253036005,0
22,Brennan Johnson,26,2025-02-22,0,0.47916169341881254,0
23,,26,2025-02-22,0,0.009858820900138383,0
24,Djed Spence,26,2025-02-22,0,0.48054986454803345,0
28,Wilson Odobert,26,2025-02-22,0,0.4750334042824823,0
29,Pape Matar Sarr,26,2025-02-22,0,0.6231056294295036,0
30,Rodrigo Bentancur,26,2025-02-22,0,0.31272714356319914,0
37,Micky van de Ven,26,2025-02-22,1,0.8566453506794447,0
3,Radu Dragusin,27,2025-02-26,1,0.9912858618899766,1
4,Kevin Danso,27,2025-02-26,0,0.026378150479437753,0
6,Jo√£o Palhinha,27,2025-02-26,0,0.6896283056216564,0
7,Xavi Simons,27,2025-02-26,0,0.11708560774920579,0
8,Yves Bissouma,27,2025-02-26,0,0.4624162596104806,0
9,Richarlison,27,2025-02-26,1,0.9802770284680786,1
10,James Maddison,27,2025-02-26,0,0.054262950898299626,0
11,,27,2025-02-26,0,0.0007928373354906903,0
13,Destiny Udogie,27,2025-02-26,0,0.3389230108865127,0
14,,27,2025-02-26,0,0.0016842446843411938,0
15,Lucas Bergvall,27,2025-02-26,0,0.0003331390654608414,0
17,Cristian Romero,27,2025-02-26,1,0.8719647452749163,0
19,Dominic Solanke,27,2025-02-26,1,0.7753213326608983,0
20,,27,2025-02-26,0,0.04608622382827897,0
21,Dejan Kulusevski,27,2025-02-26,0,0.00191865373275524,0
22,Brennan Johnson,27,2025-02-26,0,0.21264140110735352,0
23,,27,2025-02-26,0,0.0016430911127079265,0
24,Djed Spence,27,2025-02-26,0,0.2748790543983605,0
28,Wilson Odobert,27,2025-02-26,0,0.2026277945854902,0
29,Pape Matar Sarr,27,2025-02-26,0,0.12719754317937887,0
30,Rodrigo Bentancur,27,2025-02-26,0,0.08776418680709937,0
37,Micky van de Ven,27,2025-02-26,1,0.8521905021290567,0
3,Radu Dragusin,28,2025-03-09,1,0.9919247644638769,1
4,Kevin Danso,28,2025-03-09,0,0.14347200356679055,0
6,Jo√£o Palhinha,28,2025-03-09,0,0.04367797240749261,0
7,Xavi Simons,28,2025-03-09,0,0.08682562830608784,0
8,Yves Bissouma,28,2025-03-09,0,0.49153911638682485,0
9,Richarlison,28,2025-03-09,1,0.9720902606004131,1
10,James Maddison,28,2025-03-09,0,0.14773534483850048,0
11,,28,2025-03-09,0,0.024429373722264388,0
13,Destiny Udogie,28,2025-03-09,0,0.4350900031720541,0
14,,28,2025-03-09,0,0.031507265063933074,0
15,Lucas Bergvall,28,2025-03-09,0,0.0018930245258835332,0
17,Cristian Romero,28,2025-03-09,0,0.07814285161279133,0
19,Dominic Solanke,28,2025-03-09,0,0.5003711789424147,0
20,,28,2025-03-09,0,0.11542973808632805,0
21,Dejan Kulusevski,28,2025-03-09,1,0.9929298001091953,1
22,Brennan Johnson,28,2025-03-09,0,0.5156286933994828,0
23,,28,2025-03-09,0,0.0037801830052946344,0
24,Djed Spence,28,2025-03-09,0,0.4526305968704836,0
28,Wilson Odobert,28,2025-03-09,0,0.36770634480136005,0
29,Pape Matar Sarr,28,2025-03-09,0,0.05223772722725562,0
30,Rodrigo Bentancur,28,2025-03-09,0,0.24072286561227724,0
37,Micky van de Ven,28,2025-03-09,0,0.37470550787515366,0
3,Radu Dragusin,29,2025-03-15,1,0.9919247644638769,1
4,Kevin Danso,29,2025-03-15,1,0.4393994138875885,0
6,Jo√£o Palhinha,29,2025-03-15,0,0.040432381778821296,0
7,Xavi Simons,29,2025-03-15,0,0.08561780945988859,0
8,Yves Bissouma,29,2025-03-15,0,0.40048487396622406,0
9,Richarlison,29,2025-03-15,1,0.9705951016799983,1
10,James Maddison,29,2025-03-15,0,0.09524601545944339,0
11,,29,2025-03-15,0,0.06514887768892291,0
13,Destiny Udogie,29,2025-03-15,0,0.6070197309720454,0
14,,29,2025-03-15,0,0.03214857075788868,0
15,Lucas Bergvall,29,2025-03-15,0,0.0019132105740624857,0
17,Cristian Romero,29,2025-03-15,0,0.6571642409434982,0
19,Dominic Solanke,29,2025-03-15,0,0.23057936055326705,0
20,,29,2025-03-15,0,0.006055517995634355,0
21,Dejan Kulusevski,29,2025-03-15,1,0.996076569422173,1
22,Brennan Johnson,29,2025-03-15,0,0.484707013381072,0
23,,29,2025-03-15,0,0.00419856334856042,0
24,Djed Spence,29,2025-03-15,0,0.30906620510050065,0
28,Wilson Odobert,29,2025-03-15,0,0.2656373367438705,0
29,Pape Matar Sarr,29,2025-03-15,0,0.022197223227884783,0
30,Rodrigo Bentancur,29,2025-03-15,0,0.49648435023856136,0
37,Micky van de Ven,29,2025-03-15,0,0.47680989833816656,0
3,Radu Dragusin,30,2025-04-03,1,0.9919247644638769,1
4,Kevin Danso,30,2025-04-03,1,0.9291777204488699,0
6,Jo√£o Palhinha,30,2025-04-03,0,0.28985735601322254,0
7,Xavi Simons,30,2025-04-03,0,0.11165859366642121,0
8,Yves Bissouma,30,2025-04-03,0,0.5485012040876618,0
9,Richarlison,30,2025-04-03,1,0.9653308112244032,1
10,James Maddison,30,2025-04-03,0,0.3344307302827761,0
11,,30,2025-04-03,0,0.022440689057208505,0
13,Destiny Udogie,30,2025-04-03,0,0.3428728253553394,0
14,,30,2025-04-03,0,0.12645859901834686,0
15,Lucas Bergvall,30,2025-04-03,0,0.007664935790517739,0
17,Cristian Romero,30,2025-04-03,0,0.3883814240669791,0
19,Dominic Solanke,30,2025-04-03,0,0.6002320540049209,0
20,,30,2025-04-03,0,0.010688250333752107,0
21,Dejan Kulusevski,30,2025-04-03,1,0.9941099559411628,1
22,Brennan Johnson,30,2025-04-03,0,0.5319354384061896,0
23,,30,2025-04-03,0,0.06372044150649557,0
24,Djed Spence,30,2025-04-03,0,0.598378390553412,0
28,Wilson Odobert,30,2025-04-03,0,0.7500791690799792,0
29,Pape Matar Sarr,30,2025-04-03,0,0.06393252260696713,0
30,Rodrigo Bentancur,30,2025-04-03,0,0.18468759468316892,0
37,Micky van de Ven,30,2025-04-03,0,0.49276105096708633,0
3,Radu Dragusin,31,2025-04-05,1,0.9919247644638769,1
4,Kevin Danso,31,2025-04-05,1,0.79652192925482,0
6,Jo√£o Palhinha,31,2025-04-05,0,0.08425260297921107,0
7,Xavi Simons,31,2025-04-05,0,0.027346662096314558,0
8,Yves Bissouma,31,2025-04-05,0,0.7876424036049682,0
9,Richarlison,31,2025-04-05,0,0.9884483351221474,1
10,James Maddison,31,2025-04-05,0,0.309930071669316,0
11,,31,2025-04-05,0,0.01947163149352438,0
13,Destiny Udogie,31,2025-04-05,0,0.28593079570277335,0
14,,31,2025-04-05,0,0.04212151625250056,0
15,Lucas Bergvall,31,2025-04-05,0,0.00577695286705331,0
17,Cristian Romero,31,2025-04-05,0,0.7660546739998927,0
19,Dominic Solanke,31,2025-04-05,0,0.7982622735709135,0
20,,31,2025-04-05,0,0.012821946698514147,0
21,Dejan Kulusevski,31,2025-04-05,1,0.9919247644638769,1
22,Brennan Johnson,31,2025-04-05,0,0.5962279204780577,0
23,,31,2025-04-05,0,0.029027238167148646,0
24,Djed Spence,31,2025-04-05,0,0.7407769087846077,0
28,Wilson Odobert,31,2025-04-05,0,0.7529084777188655,0
29,Pape Matar Sarr,31,2025-04-05,0,0.17534347022219632,0
30,Rodrigo Bentancur,31,2025-04-05,0,0.32774515347390065,0
37,Micky van de Ven,31,2025-04-05,0,0.7475238887186472,0
3,Radu Dragusin,32,2025-04-13,1,0.9919247644638769,1
4,Kevin Danso,32,2025-04-13,1,0.688398569924427,0
6,Jo√£o Palhinha,32,2025-04-13,0,0.24246793047790904,0
7,Xavi Simons,32,2025-04-13,0,0.07603475310148979,0
8,Yves Bissouma,32,2025-04-13,0,0.14160079619979263,0
9,Richarlison,32,2025-04-13,0,0.8783392349656759,0
10,James Maddison,32,2025-04-13,0,0.01721036384410133,0
11,,32,2025-04-13,0,0.0005080033275264264,0
13,Destiny Udogie,32,2025-04-13,0,0.22082020818094647,0
14,,32,2025-04-13,0,0.0041785154119455955,0
15,Lucas Bergvall,32,2025-04-13,0,0.00020165136208220895,0
17,Cristian Romero,32,2025-04-13,0,0.06428216258711497,0
19,Dominic Solanke,32,2025-04-13,0,0.06828722208426478,0
20,,32,2025-04-13,0,0.006523390102200203,0
21,Dejan Kulusevski,32,2025-04-13,0,0.10732349411590629,0
22,Brennan Johnson,32,2025-04-13,0,0.019325135905663673,0
23,,32,2025-04-13,0,0.0010814739753182514,0
24,Djed Spence,32,2025-04-13,0,0.07935451274964593,0
28,Wilson Odobert,32,2025-04-13,0,0.5109246383921388,0
29,Pape Matar Sarr,32,2025-04-13,0,0.0036263044351723356,0
30,Rodrigo Bentancur,32,2025-04-13,0,0.014136925913309624,0
37,Micky van de Ven,32,2025-04-13,0,0.5929733334350284,0
3,Radu Dragusin,33,2025-04-19,1,0.9919247644638769,1
4,Kevin Danso,33,2025-04-19,0,0.9430832225323549,0
6,Jo√£o Palhinha,33,2025-04-19,0,0.22864855633806863,0
7,Xavi Simons,33,2025-04-19,0,0.2478730307567145,0
8,Yves Bissouma,33,2025-04-19,0,0.4416510317893783,0
9,Richarlison,33,2025-04-19,0,0.8839459656878345,0
10,James Maddison,33,2025-04-19,0,0.059198870161912075,0
11,,33,2025-04-19,0,0.0021690013272012854,0
13,Destiny Udogie,33,2025-04-19,0,0.21171514253357454,0
14,,33,2025-04-19,0,0.02731263185520033,0
15,Lucas Bergvall,33,2025-04-19,0,0.0006226673603404537,0
17,Cristian Romero,33,2025-04-19,0,0.20437234169006838,0
19,Dominic Solanke,33,2025-04-19,0,0.22207423238991936,0
20,,33,2025-04-19,0,0.007217204674582877,0
21,Dejan Kulusevski,33,2025-04-19,0,0.21831474131120548,0
22,Brennan Johnson,33,2025-04-19,0,0.06480201425150402,0
23,,33,2025-04-19,0,0.0023762917302441676,0
24,Djed Spence,33,2025-04-19,0,0.6072140344835966,0
28,Wilson Odobert,33,2025-04-19,0,0.909854621037481,0
29,Pape Matar Sarr,33,2025-04-19,0,0.012596803852361893,0
30,Rodrigo Bentancur,33,2025-04-19,0,0.04666461439160917,0
37,Micky van de Ven,33,2025-04-19,0,0.49424904526525754,0
3,Radu Dragusin,34,2025-04-26,1,0.9919247644638769,1
4,Kevin Danso,34,2025-04-26,0,0.8081518776986455,0
6,Jo√£o Palhinha,34,2025-04-26,0,0.21778233749995296,0
7,Xavi Simons,34,2025-04-26,0,0.2247950807454578,0
8,Yves Bissouma,34,2025-04-26,0,0.8849835553305735,0
9,Richarlison,34,2025-04-26,0,0.9488521040267227,0
10,James Maddison,34,2025-04-26,0,0.2784762519615578,0
11,,34,2025-04-26,0,0.01145268849820427,0
13,Destiny Udogie,34,2025-04-26,0,0.3222058606635325,0
14,,34,2025-04-26,0,0.18032602259443312,0
15,Lucas Bergvall,34,2025-04-26,0,0.0011701327659380371,0
17,Cristian Romero,34,2025-04-26,0,0.49087872663834037,0
19,Dominic Solanke,34,2025-04-26,0,0.33053841497653025,0
20,,34,2025-04-26,0,0.028629816216213962,0
21,Dejan Kulusevski,34,2025-04-26,0,0.19352908150137088,0
22,Brennan Johnson,34,2025-04-26,0,0.36295287329285747,0
23,,34,2025-04-26,0,0.002523135434766185,0
24,Djed Spence,34,2025-04-26,0,0.7098052328809654,0
28,Wilson Odobert,34,2025-04-26,0,0.5069118241599322,0
29,Pape Matar Sarr,34,2025-04-26,0,0.05305904537277109,0
30,Rodrigo Bentancur,34,2025-04-26,0,0.08152815544315598,0
37,Micky van de Ven,34,2025-04-26,0,0.19619250399973087,0
3,Radu Dragusin,35,2025-05-04,1,0.9919247644638769,1
4,Kevin Danso,35,2025-05-04,0,0.6273909658497335,0
6,Jo√£o Palhinha,35,2025-05-04,0,0.23343550095384835,0
7,Xavi Simons,35,2025-05-04,0,0.10928312618339578,0
8,Yves Bissouma,35,2025-05-04,0,0.2591927683268088,0
9,Richarlison,35,2025-05-04,0,0.5006611548022152,0
10,James Maddison,35,2025-05-04,1,0.09602460911404277,0
11,,35,2025-05-04,0,0.001632633827426133,0
13,Destiny Udogie,35,2025-05-04,0,0.09154615168158507,0
14,,35,2025-05-04,0,0.011488364592573285,0
15,Lucas Bergvall,35,2025-05-04,1,0.8037113696806076,0
17,Cristian Romero,35,2025-05-04,0,0.7361283758412869,0
19,Dominic Solanke,35,2025-05-04,1,0.27424391298909256,0
20,,35,2025-05-04,0,0.01811174873371215,0
21,Dejan Kulusevski,35,2025-05-04,0,0.03519952559356088,0
22,Brennan Johnson,35,2025-05-04,0,0.22764797307340773,0
23,,35,2025-05-04,0,0.005598207334346201,0
24,Djed Spence,35,2025-05-04,0,0.30766022810310695,0
28,Wilson Odobert,35,2025-05-04,0,0.06752681095996257,0
29,Pape Matar Sarr,35,2025-05-04,0,0.028681653879881606,0
30,Rodrigo Bentancur,35,2025-05-04,0,0.2043489126494068,0
37,Micky van de Ven,35,2025-05-04,0,0.41111671137527395,0
3,Radu Dragusin,36,2025-05-11,1,0.9919247644638769,1
4,Kevin Danso,36,2025-05-11,0,0.593830423598411,0
6,Jo√£o Palhinha,36,2025-05-11,0,0.11195544334282988,0
7,Xavi Simons,36,2025-05-11,0,0.10332968223430042,0
8,Yves Bissouma,36,2025-05-11,0,0.013321459629039745,0
9,Richarlison,36,2025-05-11,0,0.44222580948702456,0
10,James Maddison,36,2025-05-11,1,0.1754166681299937,0
11,,36,2025-05-11,0,0.00013998951671719036,0
13,Destiny Udogie,36,2025-05-11,0,0.08289454173691206,0
14,,36,2025-05-11,0,0.0033928325244491865,0
15,Lucas Bergvall,36,2025-05-11,1,0.9379628474286913,0
17,Cristian Romero,36,2025-05-11,0,0.2656566177717356,0
19,Dominic Solanke,36,2025-05-11,0,0.3644038801659095,0
20,,36,2025-05-11,0,0.019854721674488134,0
21,Dejan Kulusevski,36,2025-05-11,0,0.007636833029380993,0
22,Brennan Johnson,36,2025-05-11,0,0.11486501498817925,0
23,,36,2025-05-11,0,0.0006226390518335977,0
24,Djed Spence,36,2025-05-11,0,0.14777049638152853,0
28,Wilson Odobert,36,2025-05-11,0,0.06119955486690766,0
29,Pape Matar Sarr,36,2025-05-11,0,0.004821621005921037,0
30,Rodrigo Bentancur,36,2025-05-11,0,0.015004110090972692,0
37,Micky van de Ven,36,2025-05-11,0,0.17420786158061075,0
3,Radu Dragusin,37,2025-05-16,1,0.9919247644638769,1
4,Kevin Danso,37,2025-05-16,0,0.7831079515331318,0
6,Jo√£o Palhinha,37,2025-05-16,0,0.27256895518175017,0
7,Xavi Simons,37,2025-05-16,0,0.3210487830626985,0
8,Yves Bissouma,37,2025-05-16,0,0.11028314875758272,0
9,Richarlison,37,2025-05-16,0,0.7999183231597551,0
10,James Maddison,37,2025-05-16,1,0.45653467681269844,0
11,,37,2025-05-16,0,0.0014426334600309602,0
13,Destiny Udogie,37,2025-05-16,0,0.21175819303311846,0
14,,37,2025-05-16,0,0.01226914853182457,0
15,Lucas Bergvall,37,2025-05-16,1,0.9455352358462474,0
17,Cristian Romero,37,2025-05-16,0,0.6030217858247969,0
19,Dominic Solanke,37,2025-05-16,0,0.35711284768621704,0
20,,37,2025-05-16,0,0.10842321122916523,0
21,Dejan Kulusevski,37,2025-05-16,0,0.17586666857182004,0
22,Brennan Johnson,37,2025-05-16,0,0.12322318633076569,0
23,,37,2025-05-16,0,0.0024287445715809753,0
24,Djed Spence,37,2025-05-16,0,0.3769305558095378,0
28,Wilson Odobert,37,2025-05-16,0,0.33693267486761125,0
29,Pape Matar Sarr,37,2025-05-16,0,0.0152620529208264,0
30,Rodrigo Bentancur,37,2025-05-16,0,0.01773619896984875,0
37,Micky van de Ven,37,2025-05-16,0,0.3853737944340262,0
3,Radu Dragusin,38,2025-05-25,1,0.9919247644638769,1
4,Kevin Danso,38,2025-05-25,0,0.7533115793718247,0
6,Jo√£o Palhinha,38,2025-05-25,0,0.5237037059723925,0
7,Xavi Simons,38,2025-05-25,0,0.23593542370867157,0
8,Yves Bissouma,38,2025-05-25,0,0.12093990697087238,0
9,Richarlison,38,2025-05-25,0,0.5950436268734014,0
10,James Maddison,38,2025-05-25,1,0.47852507559900476,0
11,,38,2025-05-25,0,0.016467569358836538,0
13,Destiny Udogie,38,2025-05-25,0,0.05361997880458206,0
14,,38,2025-05-25,0,0.009671711625733678,0
15,Lucas Bergvall,38,2025-05-25,1,0.9622446827287722,1
17,Cristian Romero,38,2025-05-25,0,0.6248674322435296,0
19,Dominic Solanke,38,2025-05-25,0,0.15396237589270698,0
20,,38,2025-05-25,0,0.0191614682425485,0
21,Dejan Kulusevski,38,2025-05-25,0,0.778656673061202,0
22,Brennan Johnson,38,2025-05-25,0,0.03955473780073464,0
23,,38,2025-05-25,0,0.00435343721506872,0
24,Djed Spence,38,2025-05-25,0,0.45926368545868074,0
28,Wilson Odobert,38,2025-05-25,0,0.5737107793694102,0
29,Pape Matar Sarr,38,2025-05-25,0,0.036311155070852925,0
30,Rodrigo Bentancur,38,2025-05-25,0,0.03122724445555282,0
37,Micky van de Ven,38,2025-05-25,0,0.14701079299927616,0
